{"cameraMode":{"drawMode":0,"name":"Shaded","section":"Shading Mode"},"sceneLighting":false,"audioPlay":false,"sceneViewState":{"showFog":false,"showMaterialUpdate":false,"showSkybox":false,"showFlares":false,"showImageEffects":false,"showParticleSystems":false},"in2DMode":false,"pivot":{"x":3.623765468597412,"y":-3.923382520675659,"z":-62.352500915527347},"rotation":{"x":-0.1337617039680481,"y":0.8499217629432678,"z":-0.25901591777801516,"w":-0.4389210045337677},"size":1.9416587352752686,"orthographic":false}