{"cameraMode":{"drawMode":0,"name":"Shaded","section":"Shading Mode"},"sceneLighting":false,"audioPlay":false,"sceneViewState":{"showFog":false,"showMaterialUpdate":false,"showSkybox":false,"showFlares":false,"showImageEffects":false,"showParticleSystems":false},"in2DMode":false,"pivot":{"x":5.592771530151367,"y":-3.6434714794158937,"z":-62.776390075683597},"rotation":{"x":0.19352857768535615,"y":-0.7829112410545349,"z":0.2960323393344879,"w":0.5118218660354614},"size":8.72868824005127,"orthographic":false}